"G: 16000, DT: 0.0007",,x,y,vx,vy,p_mag,v_mag
,1,-849.328097,39.35403142,1662.696869,-0.155041334,850.2393523,1662.696876
,1,-846.9935396,39.35349214,1669.158909,-0.461507341,847.9072788,1669.158973
,1,-844.6498957,39.35252902,1675.658571,-0.763001815,845.5661227,1675.658745
,1,-842.297113,39.35114918,1682.195678,-1.059364116,843.2158322,1682.196012
,1,-839.9351393,39.34935996,1688.770036,-1.350455875,840.8563553,1688.770576
,1,-837.5639225,39.34716885,1695.38144,-1.636162134,838.4876409,1695.38223
,1,-835.183411,39.3445835,1702.029677,-1.916392415,836.1096377,1702.030756
,1,-832.7935536,39.34161164,1708.714523,-2.191081705,833.7222951,1708.715928
,1,-830.3942991,39.33826107,1715.435752,-2.460191357,831.3255625,1715.437516
,1,-827.985597,39.33453962,1722.193132,-2.723709906,828.9193898,1722.195286
,1,-825.5673968,39.3304551,1728.986433,-2.981653777,826.5037273,1728.989004
,1,-823.1396484,39.32601527,1735.815423,-3.234067898,824.0785256,1735.818436
,1,-820.7023023,39.32122779,1742.679878,-3.481026214,821.6437354,1742.683355
,1,-818.2553088,39.31610021,1749.579579,-3.722632079,819.199308,1749.583539
,1,-815.798619,39.31063987,1756.514318,-3.959018557,816.7451948,1756.51878
,1,-814.5666227,39.30778715,1759.994764,-4.075304277,815.5144909,1759.999483
,1,-810.855955,39.29874922,1770.488137,-4.416815114,811.8077183,1770.493647
,1,-808.369884,39.29233236,1777.526873,-4.63864094,809.3242593,1777.532925
,1,-805.8739226,39.28560958,1784.599962,-4.856078687,806.830923,1784.606569
,1,-803.368023,39.27858673,1791.707283,-5.069410495,804.3276619,1791.714455
,1,-800.8521372,39.27126922,1798.848745,-5.278947674,801.8144288,1798.85649
,1,-798.3262177,39.26366202,1806.02428,-5.485030259,799.2911766,1806.032609
,1,-795.7902166,39.25576958,1813.233854,-5.688026453,796.757858,1813.242776
,1,-793.2440864,39.24759581,1820.477468,-5.888331998,794.2144259,1820.486991
,1,-790.6877793,39.23914402,1827.755158,-6.086369451,791.6608332,1827.765292
,1,-788.1212477,39.23041694,1835.066997,-6.282587384,789.0970325,1835.077752
,1,-785.5444435,39.2214166,1842.413102,-6.477459512,786.5229763,1842.424488
,1,-782.9573186,39.21214438,1849.793631,-6.671483757,783.9386169,1849.805662
,1,-780.3598246,39.20260092,1857.20879,-6.865181248,781.3439062,1857.221479
,1,-777.7519129,39.1927861,1864.658831,-7.059095272,778.738796,1864.672193
,1,-775.1335341,39.18269903,1872.144056,-7.253790181,776.1232374,1872.158109
,1,-772.5046387,39.172338,1879.66482,-7.449850251,773.497181,1879.679583
,1,-769.8651766,39.16170048,1887.22153,-7.647878514,770.8605769,1887.237026
,1,-767.2150969,39.15078306,1894.814649,-7.848495566,768.2133745,1894.830904
,1,-763.2199565,39.13387247,1906.273751,-8.155672585,764.2225866,1906.291197
,1,-760.5431057,39.12223452,1913.9603,-8.365580915,761.5486622,1913.978582
,1,-757.8554534,39.11029764,1921.685342,-8.580370687,758.8639559,1921.704498
,1,-755.1569449,39.09805426,1929.449609,-8.800726261,756.1684133,1929.46968
,1,-752.4475245,39.08549588,1937.253898,-9.027342728,753.4619785,1937.274931
,1,-749.7271352,39.07261298,1945.099072,-9.260924664,750.7445946,1945.121118
,1,-746.9957188,39.05939506,1952.986059,-9.502184881,748.0162032,1953.009175
,1,-744.2532159,39.04583063,1960.915856,-9.751843193,745.2767447,1960.940104
,1,-741.4995652,39.03190716,1968.889528,-10.01062519,742.5261578,1968.914977
,1,-738.7347042,39.01761111,1976.908211,-10.27926101,739.7643795,1976.934935
,1,-735.9585687,39.00292792,1984.973111,-10.55848415,736.9913454,1985.001192
,1,-733.1710925,38.98784199,1993.085505,-10.84903025,734.206989,1993.115032
,1,-730.3722079,38.9723367,2001.246746,-11.15163592,731.4112421,2001.277816
,1,-727.5618448,38.95639439,2009.458258,-11.46703757,728.6040342,2009.490976
,1,-724.7399314,38.93999637,2017.721541,-11.7959702,725.785293,2017.756021
,1,-721.9063935,38.92312294,2026.038171,-12.13916628,722.9549436,2026.074537
,1,-719.0611547,38.90575335,2034.409802,-12.49735454,720.1129091,2034.448187
,1,-716.2041363,38.88786586,2042.838162,-12.87125885,717.25911,2042.87871
,1,-711.8963431,38.86001351,2055.59105,-13.46315111,712.9561725,2055.635138
,1,-709.0095139,38.84072952,2064.169324,-13.87946969,710.072597,2064.215986
,1,-706.1106087,38.82084365,2072.811009,-14.31398225,707.1769578,2072.860431
,1,-703.1995366,38.80032969,2081.518196,-14.76737595,704.2691629,2081.570579
,1,-700.2762035,38.77916051,2090.293059,-15.24032638,701.3491174,2090.348617
,1,-697.3405124,38.75730802,2099.137857,-15.73349633,698.4167231,2099.196819
,1,-694.3923629,38.73474324,2108.054931,-16.24753443,695.4718787,2108.117543
,1,-691.4316513,38.71143628,2117.04671,-16.78307376,692.514479,2117.113233
,1,-688.4582703,38.6873564,2126.115708,-17.34073049,689.5444159,2126.186423
,1,-685.4721092,38.662472,2135.264528,-17.92110234,686.5615771,2135.339732
,1,-682.4730533,38.63675068,2144.495862,-18.52476706,683.5658468,2144.575872
,1,-679.4609842,38.61015922,2153.81249,-19.15228082,680.5571052,2153.897642
,1,-676.4357795,38.58266369,2163.217283,-19.80417654,677.5352284,2163.307934
,1,-673.3973127,38.55422942,2172.713204,-20.48096209,674.5000885,2172.809733
,1,-670.345453,38.52482105,2182.30331,-21.18311847,671.4515531,2182.406117
,1,-667.2800652,38.49440259,2191.990748,-21.91109783,668.3894856,2192.100257
,1,-664.2010097,38.46293743,2201.778764,-22.66532147,665.3137446,2201.89542
,1,-659.5564824,38.41369573,2216.656698,-23.84670469,660.674175,2216.784965
,1,-656.4426158,38.37945021,2226.710972,-24.66815989,657.5636015,2226.847609
,1,-653.3145551,38.34402585,2236.877931,-25.51705879,654.4388224,2237.023468
,1,-650.1721389,38.30738398,2247.161251,-26.39365561,651.2996744,2247.316247
,1,-647.0152002,38.26948558,2257.564711,-27.29816055,648.1459888,2257.729747
,1,-643.8435667,38.23029141,2268.092183,-28.23073696,644.9775916,2268.267869
,1,-640.6570608,38.18976205,2278.747643,-29.19149853,641.7943031,2278.934612
,1,-637.455499,38.14785797,2289.535164,-30.1805062,638.5959382,2289.734074
,1,-634.2386919,38.10453961,2300.458918,-31.19776513,635.3823056,2300.670453
,1,-631.0064444,38.05976747,2311.523175,-32.24322141,632.1532083,2311.748043
,1,-627.7585553,38.01350219,2322.732307,-33.31675874,628.9084433,2322.971238
,1,-624.4948169,37.96570466,2334.09078,-34.41819505,625.6478011,2334.344529
,1,-621.2150155,37.91633605,2345.603159,-35.54727893,622.3710662,2345.872501
,1,-617.9189307,37.86535801,2357.274106,-36.70368609,619.0780162,2357.559834
,1,-614.6063354,37.81273269,2369.108377,-37.88701567,615.7684226,2369.411304
,1,-611.2769961,37.7584229,2381.11082,-39.09678662,612.4420498,2381.431775
,1,-607.9306719,37.7023922,2393.286377,-40.3324339,609.0986556,2393.6262
,1,-604.5671154,37.64460506,2405.640076,-41.59330485,605.7379907,2405.999621
,1,-599.4889107,37.55455574,2424.515856,-43.53025229,600.6640481,2424.9066
,1,-596.0811427,37.49222888,2437.337476,-44.85071867,597.2590694,2437.750102
,1,-592.6552188,37.42802998,2450.355504,-46.19338147,593.8358913,2450.790878
,1,-589.2108581,37.36192908,2463.575335,-47.55714903,590.3942319,2464.034317
,1,-585.7477726,37.29389791,2477.002433,-48.94082289,586.933802,2477.485874
,1,-582.2656662,37.22390993,2490.642329,-50.34309485,583.4543045,2491.151067
,1,-578.7642351,37.15194062,2504.500618,-51.7625443,579.9554349,2505.03547
,1,-575.2431676,37.07796751,2518.582948,-53.19763578,576.4368808,2519.144707
,1,-571.7021441,37.00197043,2532.895021,-54.64671705,572.8983221,2533.484448
,1,-568.140837,36.92393165,2547.442583,-56.10801744,569.3394308,2548.060404
,1,-564.5589105,36.84383603,2562.231418,-57.57964681,565.759871,2562.878315
,1,-560.9560207,36.76167122,2577.267347,-59.05959491,562.1592991,2577.943951
,1,-557.3318155,36.67742779,2592.556215,-60.54573147,558.5373633,2593.263101
,1,-553.6859346,36.59109943,2608.103886,-62.03580684,554.893704,2608.841567
,1,-550.0180096,36.5026831,2623.916242,-63.52745341,551.2279535,2624.685159
,1,-546.3276637,36.4121792,2639.999169,-65.0181878,547.5397364,2640.799685
,1,-542.614512,36.31959173,2656.358555,-66.50541382,543.8286691,2657.19095
,1,-537.0011609,36.17682181,2681.428863,-68.72372873,538.2183658,2682.309397
,1,-533.2292562,36.07906783,2698.505112,-70.19012313,534.4484436,2699.417806
,1,-529.4331334,35.97927473,2715.878352,-71.64309919,530.6542669,2716.823137
,1,-525.6123706,35.87746447,2733.554408,-73.07961536,526.835417,2734.531099
,1,-521.7665378,35.77366338,2751.539076,-74.49655096,522.9914674,2752.54737
,1,-517.8951968,35.6679022,2769.838123,-75.89071572,519.1219839,2770.877591
,1,-513.9979016,35.56021623,2788.457286,-77.25886043,515.2265248,2789.527373
,1,-510.0741979,35.45064534,2807.40227,-78.59768875,511.3046407,2808.502288
,1,-506.1236237,35.33923408,2826.678751,-79.9038701,507.355875,2827.807877
,1,-502.1457089,35.22603168,2846.292377,-81.17405366,503.3797635,2847.449652
,1,-498.1399756,35.11109204,2866.248772,-82.40488345,499.3758345,2867.4331
,1,-494.105938,34.99447378,2886.553544,-83.59301449,495.3436092,2887.763695
,1,-490.0431026,34.87624017,2907.212296,-84.7351299,491.2826015,2908.446901
,1,-485.9509678,34.75645906,2928.230628,-85.82795903,487.1923179,2929.488189
,1,-481.8290244,34.63520284,2949.614161,-86.86829643,483.0722576,2950.893051
,1,-477.6767552,34.51254826,2971.368547,-87.85302164,478.9219127,2972.667017
,1,-473.493635,34.38857637,2993.499486,-88.77911981,474.7407677,2994.815672
,1,-469.2791305,34.26337228,3016.012755,-89.64370293,470.5282998,3017.344683
,1,-462.8973416,34.07345151,3050.512405,-90.8192908,464.1497053,3051.864033
,1,-458.6019894,33.9455643,3074.007471,-91.51848238,459.8565929,3075.3695
,1,-454.2733211,33.81677185,3097.906037,-92.14737018,455.5302672,3099.276198
,1,-449.9107648,33.68717474,3122.21456,-92.70391484,451.1701697,3123.590526
,1,-445.5137398,33.55687617,3146.939747,-93.18633003,446.7757337,3148.319149
,1,-441.0816552,33.42598152,3172.088602,-93.59310657,442.3463833,3173.469043
,1,-436.6139103,33.29459797,3197.668471,-93.92303703,437.881533,3199.047544
,1,-432.1098937,33.16283408,3223.687098,-94.17524067,433.3805877,3225.0624
,1,-427.5689823,33.03079923,3250.152679,-94.34918883,428.8429414,3251.52183
,1,-422.9905416,32.89860319,3277.073925,-94.4447308,424.267977,3278.434583
,1,-418.3739237,32.76635549,3304.460124,-94.46212047,419.6550656,3305.810008
,1,-413.7184673,32.63416487,3332.321219,-94.40204381,415.003565,3333.658118
,1,-409.0234966,32.50213861,3360.667874,-94.26564741,410.3128194,3361.989675
,1,-404.2883197,32.37038189,3389.511564,-94.05456849,405.5821583,3390.81626
,1,-399.5122279,32.23899704,3418.864657,-93.77096665,400.8108946,3420.150368
,1,-394.6944941,32.10808279,3448.740507,-93.41755781,395.9983241,3450.005496
,1,-389.8343714,31.97773346,3479.153554,-92.99765088,391.1437237,3480.396244
,1,-382.4630209,31.78346171,3525.814926,-92.25191345,383.7813841,3527.021592
,1,-377.4935127,31.65490021,3557.642265,-91.68450173,378.8184062,3558.823476
,1,-372.4788203,31.52718573,3590.067518,-91.06745974,373.810694,3591.222364
,1,-367.4180847,31.40038096,3623.11146,-90.40732672,368.7574174,3624.239249
,1,-362.3104163,31.27453853,3656.79665,-89.71151873,363.6577162,3657.896923
,1,-357.1548919,31.14969968,3691.147595,-88.98840368,358.510698,3692.220132
,1,-351.9505516,31.02589286,3726.190922,-88.24738721,353.3154353,3727.235758
,1,-346.6963959,30.90313216,3761.955577,-87.49901128,348.0709619,3762.973005
,1,-341.3913821,30.78141563,3798.473027,-86.755068,342.77627,3799.463617
,1,-336.0344206,30.66072334,3835.777496,-86.02873123,337.4303065,3836.7421
,1,-330.6243708,30.54101536,3873.906214,-85.33470936,332.0319686,3874.84598
,1,-325.1600364,30.42222935,3912.8997,-84.68942303,326.5800994,3913.816087
,1,-319.6401609,30.304278,3952.802064,-84.11121241,321.0734834,3953.696859
,1,-314.0634217,30.1870461,3993.66135,-83.62057955,315.5108407,3994.536692
,1,-308.4284246,30.07038715,4035.529917,-83.24047238,309.8908215,4036.388322
,1,-302.733697,29.95411966,4078.464852,-82.99661828,304.2119994,4079.309254
,1,-296.977681,29.83802284,4122.528448,-82.91791703,298.4728642,4123.362242
,1,-288.2251024,29.66360437,4190.890561,-83.18182664,289.7475437,4191.715987
,1,-282.3084173,29.54666378,4238.087331,-83.66768316,283.8503969,4238.913127
,1,-276.3241989,29.42873338,4286.679839,-84.45233953,277.8868713,4287.511661
,1,-270.2703963,29.30934257,4336.761196,-85.58611306,271.85497,4337.605636
,1,-264.1448187,29.18794302,4388.433453,-87.12639359,265.7525565,4389.298256
,1,-257.9451222,29.06389742,4441.808573,-89.13886266,259.5773414,4442.702909
,1,-251.6687947,28.93646642,4497.009497,-91.69896259,253.3268665,4497.944321
,1,-245.3131393,28.80479312,4554.171336,-94.89367305,246.9984867,4555.159861
,1,-238.875256,28.66788464,4613.44268,-98.82366749,240.5893504,4614.501
,1,-232.3520211,28.52459032,4674.987033,-103.6059404,234.0963776,4676.134937
,1,-225.7400651,28.37357547,4738.984363,-109.3770203,227.5162341,4740.24642
,1,-219.0357474,28.21329001,4805.632735,-116.2969121,220.8453041,4807.039729
,1,-212.2351295,28.04193056,4875.150001,-124.5539529,214.0796582,4876.74084
,1,-205.3339459,27.85739462,4947.775442,-134.3708089,207.2150182,4949.599715
,1,-198.3275717,27.65722484,5023.771231,-146.0119009,200.2467173,5025.892643
,1,-191.2109902,27.43854105,5103.423492,-159.7926133,193.1696568,5105.924502
,1,-183.9787586,27.19795714,5187.042563,-176.0907197,185.9782581,5190.030683
,1,-172.9005244,26.78708527,5320.643912,-206.2769507,174.9632513,5324.641004
,1,-165.3522741,26.47263278,5415.680177,-231.0674878,167.4579793,5420.607343
,1,-157.6655418,26.1187489,5515.919481,-260.4245671,159.8143051,5522.063806
,1,-149.8326661,25.71812502,5621.719367,-295.2342816,152.0238461,5629.466398
,1,-141.8455222,25.2620182,5733.398724,-336.5700955,144.0774852,5743.269135
,1,-133.6956229,24.73995308,5851.191913,-385.7269223,135.9653811,5863.892228
,1,-125.3743087,24.13937838,5975.177244,-444.2525073,127.6770413,5991.669499
,1,-116.8730769,23.44529199,6105.168784,-513.9655783,119.2015009,6126.764766
,1,-108.1841115,22.6398738,6240.558775,-596.9401702,110.5276701,6269.043898
,1,-99.30109687,21.70221075,6380.100188,-695.4191034,101.6449398,6417.887981
,1,-90.22039711,20.60827436,6521.631926,-811.5961377,92.54415717,6571.938167
,1,-80.9426461,19.33142276,6661.784596,-947.1811369,83.21908353,6728.783405
,1,-71.47466865,17.84382839,6795.776779,-1102.656837,73.66838175,6884.652071
,1,-61.83138668,16.11930331,6917.520116,-1276.198904,63.89798368,7034.256762
,1,-52.03696032,14.13783634,7020.339112,-1462.433048,53.92331273,7171.043973
,1,-42.12405742,11.89155217,7098.518851,-1651.55502,43.77036927,7288.113875
,1,-32.13029582,9.390743714,7149.43125,-1829.623217,33.47449741,7379.829829
,1,-22.09200844,6.667707187,7175.269,-1980.565238,23.07628991,7443.596166
,1,-7.00882034,2.289354286,7183.42477,-2124.351641,7.373242543,7490.958638
,1,3.047542404,-0.717731837,7183.189241,-2150.811055,3.130918985,7498.279527
,1,13.10919214,-3.698275053,7188.904017,-2116.553147,13.6208721,7494.006818
,1,23.19027224,-6.566386278,7205.762759,-2020.924721,24.10199484,7483.792733
,1,33.30778047,-9.236893647,7234.744137,-1864.69029,34.56484405,7471.18415
,1,43.47583382,-11.62592978,7272.813996,-1648.764872,45.00344842,7457.362069
,1,53.70054023,-13.65058955,7313.395394,-1373.754879,55.40836233,7441.300603
,1,63.9754847,-15.22874051,7346.783897,-1040.24541,65.7630381,7420.063622
,1,74.27771449,-16.27988469,7360.494336,-649.6944389,76.0408674,7389.112242
,1,84.56433562,-16.72777946,7339.752183,-205.7979567,86.20293188,7342.636781
,1,94.7702787,-16.50527774,7268.474898,283.8742753,96.19682905,7274.016219
,1,104.8082914,-15.56137006,7131.089183,806.3717587,105.9572281,7176.535957
,1,114.5724795,-13.86955738,6915.29605,1342.665556,115.4089151,7044.43541
,1,123.9463271,-11.43556103,6615.349375,1868.575315,124.4727442,6874.18512
,1,132.8147876,-8.301555303,6234.722048,2357.777478,133.073978,6665.648779
,1,141.0780847,-4.544455072,5786.737338,2786.369499,141.1512595,6422.630614
,1,148.6634647,-0.267703846,5292.397313,3137.373647,148.6637058,6152.445263
,1,158.6934265,6.864626005,4516.996264,3504.661148,158.8418292,5717.158823
,1,164.482559,11.92896522,4009.439355,3648.732459,164.914561,5421.148633
,1,169.587619,17.12191049,3528.150527,3724.239511,170.449759,5130.088311
,1,174.0557005,22.36119767,3082.479497,3744.32196,175.4862104,4849.909977
,1,177.9414998,27.58293179,2676.656899,3721.940667,180.0666417,4584.466652
,1,181.3016058,32.73983491,2311.19603,3668.527486,184.2340062,4335.864505
,1,184.1907452,37.79849378,1984.255903,3593.458713,188.0291381,4104.901583
,1,186.6596456,42.73644135,1692.716848,3504.047351,191.4894951,3891.482772
,1,188.7540538,47.53951619,1432.924345,3405.792129,194.6486538,3694.954966
,1,190.514495,52.19967142,1201.152706,3302.712047,197.5362714,3514.35267
,1,191.9764616,56.71325075,993.8655725,3197.674779,200.1783071,3348.565778
,1,193.1708199,61.07967856,807.8427788,3092.679684,202.5973662,3196.447651
,1,194.1243065,65.3004879,640.2257336,2989.085233,204.8130857,3056.880685
,1,194.8600359,69.37861149,488.5166926,2887.78425,206.8425133,2928.813144
,1,195.3979819,73.3178713,350.5542797,2789.335419,208.700459,2811.277358
,1,195.7554122,77.12261525,224.4786483,2694.060273,210.399808,2703.396275
,1,195.9472712,80.79746137,108.6938747,2602.113884,211.9517937,2604.383041
,1,195.9865108,84.34711991,1.831605451,2513.53597,213.3662322,2513.536637
,1,195.7833962,89.44709096,-144.2542928,2386.884988,215.2485083,2391.240106
,1,195.4871223,92.70399929,-233.5923093,2306.44866,216.3544464,2318.247353
,1,195.0715963,95.85150396,-317.4488772,2229.054637,217.3486565,2251.545772
,1,194.5437494,98.89370534,-396.5230841,2154.550669,218.23665,2190.734841
,1,193.9096319,101.8344818,-471.4223616,2082.776668,219.0233025,2135.461939
,1,193.1745259,104.6774846,-542.6766979,2013.569994,219.7129337,2085.416534
,1,192.3430414,107.4261381,-610.7505989,1946.769031,220.309375,2040.324963
,1,191.4191969,110.0836437,-676.0531571,1882.215519,220.8160265,1999.945782
,1,190.4064883,112.6529863,-738.9465402,1819.756012,221.235906,1964.065664
,1,189.3079468,115.1369417,-799.7531636,1759.242696,221.5716906,1932.495792
,1,188.1261878,117.5380853,-858.7617714,1700.53377,221.8257515,1905.068735
,1,186.8634531,119.8588,-916.232612,1643.493506,222.0001848,1881.635752
,1,185.5216456,122.1012853,-972.4018669,1587.992085,222.0968367,1862.064514
,1,184.1023591,124.2675646,-1027.48546,1533.905278,222.1173254,1846.237193
,1,182.6069035,126.3594929,-1081.682362,1481.114016,222.06306,1834.048925
,1,181.0363246,128.3787634,-1135.17747,1429.50388,221.9352557,1825.406594
,1,179.3914222,130.3269136,-1188.144159,1378.964533,221.7349471,1820.227933
,1,176.7858907,133.1187811,-1266.960401,1304.930255,221.3003865,1818.799501
,1,174.9571754,134.894877,-1319.308839,1256.606298,220.9222512,1821.986609
,1,173.0551658,136.6040711,-1371.675869,1208.989882,220.47395,1828.428622
,1,171.0796813,138.2472487,-1424.208396,1161.98087,219.9558117,1838.088436
,1,169.0303371,139.8251553,-1477.052269,1115.479325,219.3680216,1850.939634
,1,166.9065437,141.3383957,-1530.353895,1069.384626,218.7106226,1866.967199
,1,164.7075045,142.7874325,-1584.261869,1023.594515,217.9835152,1886.168445
,1,162.432211,144.172582,-1638.928645,978.00403,217.1864558,1908.554162
,1,160.0794354,145.4940099,-1694.512289,932.5043058,216.3190527,1934.149989
,1,157.647721,146.7517239,-1751.178358,886.981214,215.3807614,1962.998042
,1,155.1353695,147.9455649,-1809.101952,841.3137863,214.3708774,1995.158831
,1,152.5404253,149.0751957,-1868.469999,795.3723736,213.288526,2030.713508
,1,149.860656,150.140086,-1929.483823,749.0164674,212.1326511,2069.766531
,1,147.0935297,151.1394954,-1992.362096,702.0920926,210.9019999,2112.448823
,1,144.2361867,152.0724504,-2057.34425,654.4286526,209.5951043,2158.921542
,1,141.2854066,152.9377176,-2124.694482,605.8350709,208.2102581,2209.380631
,1,138.2375684,153.7337703,-2194.706488,556.095024,206.7454895,2264.062333
,1,133.4747915,154.7938948,-2305.445986,478.783538,204.3934192,2354.636887
,1,130.1653885,155.4079026,-2383.6453,425.0071984,202.7181406,2421.238533
,1,126.7423325,155.9443439,-2465.859813,369.0270429,200.9533709,2493.320192
,1,123.1994665,156.3996875,-2552.605957,310.4118607,199.0953811,2571.410643
,1,119.5298271,156.769709,-2644.480637,248.6438235,197.139852,2656.144121
,1,115.7255142,157.049345,-2742.178784,183.0939111,195.0817557,2748.284531
,1,111.7775307,157.2325032,-2846.51547,112.9887841,192.9152053,2848.75706
,1,107.6755856,157.3118143,-2958.453984,37.36544862,190.6332569,2958.689938
,1,103.4078496,157.2783017,-3079.141686,-44.99180612,188.2276481,3079.470374
,1,98.96064985,157.120937,-3209.956035,-135.6407173,185.6884462,3212.820591
,1,94.31808736,156.8260301,-3352.563797,-236.6100526,183.0035665,3360.902904
,1,89.46155355,156.3763762,-3508.996988,-350.5900715,180.1580989,3526.467533
,1,84.36911988,155.7500376,-3681.749023,-481.2206282,177.133347,3713.064659
,1,79.01477031,154.9185628,-3873.892293,-633.5388941,173.9054198,3925.355146
,1,73.36745288,153.8443067,-4089.209761,-814.6963038,170.4431103,4169.576302
,1,67.38996354,152.4762792,-4332.306058,-1035.145211,166.7045978,4454.256547
,1,61.03780015,150.7434846,-4608.583188,-1310.674603,162.6321346,4791.336652
,1,54.25851364,148.543832,-4923.727551,-1666.03388,158.1431514,5197.957473
,1,46.99327269,145.7249501,-5281.626261,-2141.600677,153.1147569,5699.300784
,1,39.18607583,142.049913,-5677.312141,-2805.820861,147.3557815,6332.811686
,1,30.8179977,137.1359267,-6073.961196,-3777.063627,140.5560791,7152.56697
,1,22.02140764,130.3576579,-6329.914928,-5248.002041,132.2046193,8222.490402
,1,9.661112328,114.7191423,-5362.87224,-8687.478159,115.1252306,10209.44051
,1,4.695683118,100.2839011,-2819.253393,-10740.99192,100.393776,11104.82315
,1,3.940571683,84.75531468,171.2729114,-11065.29361,84.84687072,11066.61905
,1,6.388616189,70.01649694,2180.900948,-10309.76866,70.30735566,10537.9153
,1,10.65059496,56.5313669,3273.959795,-9413.937343,57.52591257,9966.996992
,1,15.86627067,44.1505798,3845.073609,-8668.460565,46.91494689,9482.974197
,1,21.57304038,32.62910281,4136.385129,-8096.673639,39.11591008,9092.073799
,1,27.51426894,21.75690959,4269.510619,-7665.735262,35.07703109,8774.520957
,1,33.53652815,11.37511603,4305.93332,-7339.552043,35.41316119,8509.41161
,1,39.54114487,1.369071037,4279.081067,-7088.219264,39.5648391,8279.697283
,1,45.46170038,-8.341013329,4209.347612,-6888.442213,46.22054418,8072.746957
,1,51.2534331,-17.80844768,4110.922004,-6722.698103,54.25914866,7879.996796
,1,56.88781182,-27.06729609,3994.671848,-6578.43366,62.99890198,7696.310323
,1,62.34906445,-36.13849839,3869.168607,-6447.263388,72.06522673,7519.153603
,1,67.63130728,-45.03476965,3740.985732,-6324.071008,81.25345655,7347.710416
,1,72.73590825,-53.7641933,3614.853115,-6206.075025,90.44943798,7182.097901
,1,77.66913712,-62.33259621,3493.885868,-6091.990656,99.58838994,7022.790657
,1,82.44022961,-70.74494495,3379.898657,-5981.381844,108.6335063,6870.272462
,1,87.05992289,-79.00605641,3273.743995,-5874.222932,117.5643956,6724.871359
,1,91.53943344,-87.1208841,3175.617301,-5770.636821,126.3705516,6586.713488
,1,95.88979845,-95.09457364,3085.300088,-5670.757946,135.0475153,6455.739486
,1,100.1214879,-102.9324112,3002.337162,-5574.672626,143.5945459,6331.745677
,1,106.2674976,-114.4461168,2890.419732,-5437.68698,156.1752051,6158.162544
,1,110.2430904,-121.9675845,2823.269486,-5351.047511,164.4069057,6050.17025
,1,114.1302643,-129.3715753,2761.39669,-5268.034054,172.5187576,5947.898324
,1,117.9358267,-136.6630219,2704.251938,-5188.507761,180.5149323,5850.9479
,1,121.6658666,-143.8466424,2651.334284,-5112.311396,188.3996805,5758.932305
,1,125.3258243,-150.9269241,2602.193186,-5039.278165,196.1772124,5671.484268
,1,128.9205612,-157.9081172,2556.426965,-4969.238301,203.8516239,5588.259847
,1,132.4544244,-164.7942355,2513.679443,-4902.023742,211.426854,5508.940107
,1,135.9313059,-171.5890628,2473.635774,-4837.471321,218.9066613,5433.231333
,1,139.3546963,-178.2961611,2436.01809,-4775.424812,226.2946143,5360.864321
,1,142.7277321,-184.9188827,2400.581257,-4715.736145,233.5940896,5291.593121
,1,146.0532368,-191.4603814,2367.108953,-4658.266022,240.8082756,5225.193502
,1,149.3337581,-197.9236256,2335.410106,-4602.884114,247.94018,5161.461279
,1,152.5715996,-204.3114104,2305.315733,-4549.468974,254.992638,5100.21064
,1,155.7688488,-210.6263702,2276.676165,-4497.907761,261.9683227,5041.272517
,1,158.9274017,-216.8709898,2249.358612,-4448.09585,268.8697552,4984.49304
,1,162.048984,-223.047616,2223.245058,-4399.936374,275.6993149,4929.732111
,1,165.1351698,-229.1584674,2198.230429,-4353.339727,282.4592493,4876.862085
,1,169.7011951,-238.2059814,2162.566732,-4286.195569,292.4732214,4800.850688
,1,172.7049259,-244.1613483,2139.91093,-4243.157134,299.0681451,4752.220665
,1,175.6777972,-250.0578313,2118.067195,-4201.41795,305.6004048,4705.116517
,1,178.6208783,-255.8971828,2096.971918,-4160.915062,312.0717647,4659.453334
,1,181.5351567,-261.6810722,2076.567965,-4121.590205,318.4839033,4615.153338
,1,184.4215457,-267.4110915,2056.803961,-4083.389425,324.8384189,4572.1452
,1,187.2808924,-273.0887618,2037.633651,-4046.262711,331.1368365,4530.363431
,1,190.1139837,-278.7155376,2019.015348,-4010.163664,337.3806125,4489.747831
,1,192.9215526,-284.2928122,2000.911454,-3975.04919,343.5711404,4450.242995
,1,195.7042834,-289.8219216,1983.288032,-3940.879215,349.7097551,4411.797865
,1,198.4628163,-295.3041487,1966.114427,-3907.616423,355.7977371,4374.365331
,1,201.1977516,-300.7407269,1949.362943,-3875.22602,361.8363167,4337.901864
,1,203.9096539,-306.1328432,1933.008541,-3843.67551,367.8266774,4302.367191
,1,206.5990551,-311.4816413,1917.028585,-3812.934499,373.7699592,4267.723994
,1,209.2664577,-316.7882245,1901.402602,-3782.974503,379.6672615,4233.93764
,1,211.9123377,-322.0536579,1886.112078,-3753.768782,385.519646,4200.975939
,1,214.537147,-327.278971,1871.140272,-3725.292187,391.3281389,4168.808918
,1,217.1413158,-332.4651596,1856.472044,-3697.521014,397.0937337,4137.408621
,1,219.7252546,-337.6131877,1842.093702,-3670.432875,402.8173929,4106.748921
,1,222.2893561,-342.7239891,1827.99287,-3644.006583,408.5000496,4076.805355
,1,226.0991335,-350.3223643,1807.33777,-3605.564409,416.9491301,4033.182927
,1,228.6152584,-355.3440012,1793.884076,-3580.706937,422.5331887,4004.93224
,1,231.1128038,-360.3314647,1780.6732,-3556.445101,428.0793063,3977.32307
,1,233.5921013,-365.2855705,1767.697275,-3532.761893,433.5883045,3950.336726
,1,236.0534723,-370.2071118,1754.949183,-3509.641017,439.0609837,3923.955492
,1,238.4972291,-375.0968591,1742.422474,-3487.066822,444.4981237,3898.162529
,1,240.9236752,-379.9555621,1730.111305,-3465.024247,449.900485,3872.941797
,1,243.3331068,-384.7839497,1718.010366,-3443.498769,455.2688094,3848.277977
,1,245.7258133,-389.582731,1706.114826,-3422.476355,460.6038206,3824.156404
,1,248.1020773,-394.3525961,1694.42028,-3401.943426,465.9062253,3800.563005
,1,250.4621762,-399.0942163,1682.922697,-3381.886813,471.1767133,3777.484244
,1,252.8063817,-403.8082451,1671.618374,-3362.293729,476.4159584,3754.907071
,1,255.1349607,-408.4953183,1660.503899,-3343.151742,481.6246186,3732.818877
,1,257.4481758,-413.1560547,1649.576106,-3324.448745,486.8033368,3711.207457
,1,259.7462851,-417.7910565,1638.832047,-3306.172937,491.9527411,3690.060971
,1,262.029543,-422.4009096,1628.268958,-3288.312804,497.0734451,3669.367915
,1,264.2982001,-426.9861841,1617.88423,-3270.857101,502.1660482,3649.117093
,1,266.5525035,-431.5474347,1607.675385,-3253.794841,507.2311362,3629.297592
,1,269.9075775,-438.3454419,1592.686736,-3228.915718,514.778425,3600.353837
,1,272.1270559,-442.8489609,1582.907413,-3212.79057,519.7771991,3581.566574
,1,274.3330197,-447.3302802,1573.296017,-3197.022267,524.7504028,3563.17439
,1,276.5257018,-451.7898889,1563.850409,-3181.60085,529.6985629,3545.167425
,1,278.7053322,-456.2282625,1554.56848,-3166.516571,534.6221934,3527.536018
,1,280.8721376,-460.645863,1545.448146,-3151.759887,539.5217964,3510.270696
,1,283.0263423,-465.043139,1536.487333,-3137.321457,544.3978615,3493.36217
,1,285.1681674,-469.4205266,1527.683969,-3123.192141,549.2508666,3476.801326
,1,287.297831,-473.7784491,1519.035984,-3109.362995,554.0812779,3460.579223
,1,289.4155487,-478.1173176,1510.541296,-3095.82527,558.8895501,3444.687085
,1,291.5215327,-482.437531,1502.197811,-3082.570413,563.6761263,3429.116302
,1,293.6159925,-486.7394765,1494.00342,-3069.59006,568.4414386,3413.858427
,1,295.6991348,-491.02353,1485.955998,-3056.876042,573.1859081,3398.905172
,1,297.7711629,-495.2900557,1478.053396,-3044.420378,577.9099452,3384.248407
,1,299.8322773,-499.5394073,1470.293447,-3032.215277,582.6139493,3369.880162
,1,301.8826755,-503.7719275,1462.673965,-3020.253135,587.2983098,3355.792623
,1,303.9225517,-507.9879487,1455.19274,-3008.526537,591.9634055,3341.978132
,1,305.9520973,-512.187793,1447.847546,-2997.028254,596.6096053,3328.429189
,1,307.9715003,-516.3717726,1440.636137,-2985.751238,601.2372681,3315.138449
,1,309.9809456,-520.5401901,1433.556252,-2974.688629,605.8467431,3302.098721
,1,312.9768396,-526.7642762,1423.178046,-2958.482162,612.7275943,3282.994435
,1,314.9621788,-530.895051,1416.416982,-2947.926734,617.2930659,3270.551803
,1,316.9381825,-535.0112501,1409.779424,-2937.563112,621.8414985,3258.336241
,1,318.905021,-539.1131357,1403.263059,-2927.385237,626.3731998,3246.341255
,1,320.8628616,-543.2009616,1396.865574,-2917.387222,630.8884692,3234.560501
,1,322.8118683,-547.2749737,1390.58465,-2907.56335,635.3875975,3222.987791
,1,324.7522019,-551.3354098,1384.417972,-2897.908071,639.8708672,3211.617086
,1,326.6840199,-555.3825004,1378.363225,-2888.416002,644.3385528,3200.442498
,1,328.6074766,-559.4164684,1372.418101,-2879.08192,648.7909207,3189.458284
,1,330.5227229,-563.4375297,1366.5803,-2869.900762,653.2282298,3178.658853
,1,332.4299068,-567.4458932,1360.847531,-2860.867623,657.6507315,3168.038756
,1,334.329173,-571.4417612,1355.217515,-2851.977749,662.0586699,3157.59269
,1,336.2206628,-575.4253293,1349.687987,-2843.226538,666.4522817,3147.315492
,1,338.1045146,-579.3967871,1344.2567,-2834.609533,670.8317969,3137.202142
,1,339.9808637,-583.3563178,1338.921423,-2826.122424,675.1974386,3127.247757
,1,341.849842,-587.3040989,1333.679945,-2817.761039,679.5494236,3117.447589
,1,343.7115786,-591.2403022,1328.530077,-2809.521345,683.8879618,3107.797026
,1,345.5661996,-595.1650939,1323.469651,-2801.399442,688.2132572,3098.291586
,1,347.4138277,-599.0786351,1318.496526,-2793.391563,692.5255076,3088.926919
,1,349.2545832,-602.9810814,1313.608583,-2785.494065,696.8249051,3079.6988
,1,351.0885829,-606.8725837,1308.803733,-2777.703434,701.1116358,3070.603129
,1,353.8271646,-612.6896354,1301.747749,-2766.210468,707.5183755,3057.199299
,1,355.6447683,-616.5544066,1297.141664,-2758.672409,711.7742181,3048.417615
,1,357.4560035,-620.4087251,1292.611576,-2751.229845,716.018003,3039.754981
,1,359.2609744,-624.2527213,1288.155524,-2743.879781,720.2498926,3031.20783
,1,361.0597828,-628.0865218,1283.77158,-2736.619333,724.4700447,3022.772708
,1,362.8525275,-631.9102491,1279.457846,-2729.445717,728.6786121,3014.446268
,1,364.6393049,-635.7240219,1275.212455,-2722.356254,732.8757431,3006.22527
,1,366.4202088,-639.5279554,1271.033574,-2715.348362,737.0615817,2998.106581
,1,368.1953303,-643.322161,1266.919401,-2708.419557,741.2362674,2990.087167
,1,369.9647583,-647.1067471,1262.86817,-2701.567449,745.3999359,2982.164096
,1,371.7285789,-650.8818185,1258.878144,-2694.789738,749.5527187,2974.334532
,1,373.4868761,-654.6474771,1254.947622,-2688.084212,753.6947432,2966.595737
,1,375.2397315,-658.4038217,1251.074934,-2681.448748,757.8261335,2958.945062
,1,376.9872242,-662.1509483,1247.258446,-2674.881304,761.9470097,2951.379952
,1,378.7294314,-665.88895,1243.496557,-2668.379921,766.0574886,2943.897942
,1,380.4664277,-669.6179173,1239.787696,-2661.94272,770.1576837,2936.49665
,1,382.1982858,-673.3379381,1236.130329,-2655.567896,774.2477049,2929.173782
,1,383.9250762,-677.0490981,1232.522955,-2649.253723,778.3276594,2921.927125
,1,385.6468673,-680.7514803,1228.964105,-2642.998545,782.3976509,2914.754549
,1,387.3637257,-684.4451656,1225.452343,-2636.800779,786.4577806,2907.654001
,1,389.9299046,-689.9695589,1220.269932,-2627.60848,792.5296983,2897.133934
,1,391.6347086,-693.6418423,1216.869829,-2621.54776,796.5655971,2890.204982
,1,393.3347971,-697.3056959,1213.51205,-2615.539438,800.5919661,2883.341473
,1,395.0302278,-700.9611916,1210.195309,-2609.582227,804.6088945,2876.541688
,1,396.721057,-704.6083998,1206.918351,-2603.674899,808.6164691,2869.80398
,1,398.4073391,-708.2473889,1203.679954,-2597.816285,812.6147745,2863.126767
,1,400.0891267,-711.878226,1200.478928,-2592.005276,816.6038929,2856.508534
,1,401.7664711,-715.5009767,1197.314115,-2586.240816,820.5839048,2849.947833
,1,403.4394216,-719.115705,1194.184391,-2580.521905,824.5548885,2843.443276
,1,405.1080263,-722.7224738,1191.088661,-2574.847595,828.5169202,2836.993538
,1,406.7723316,-726.3213445,1188.025865,-2569.216988,832.4700747,2830.597355
,1,408.4323827,-729.9123774,1184.994974,-2563.629237,836.4144247,2824.253521
,1,410.088223,-733.4956317,1181.994988,-2558.083543,840.3500416,2817.960888
,1,411.7398948,-737.0711655,1179.024942,-2552.579153,844.2769948,2811.718362
,1,413.3874392,-740.6390358,1176.0839,-2547.115359,848.1953526,2805.524905
,1,415.851103,-745.9765948,1171.724755,-2538.994342,854.0569184,2796.324582
,1,417.4884993,-749.5255501,1168.852341,-2533.629219,857.9540765,2790.249597
,1,419.1219016,-753.0670347,1166.005906,-2528.302546,861.8428668,2784.220454
,1,420.7513453,-756.6011018,1163.184655,-2523.013798,865.7233518,2778.236341
,1,422.3768651,-760.127804,1160.387824,-2517.762486,869.5955925,2772.296492
,1,423.9984942,-763.6471932,1157.614679,-2512.548158,873.4596492,2766.400187
,1,425.6162651,-767.1593208,1154.864518,-2507.370394,877.3155809,2760.546748
,1,427.2302092,-770.6642375,1152.136667,-2502.228807,881.163446,2754.735541
,1,428.8403572,-774.1619937,1149.430483,-2497.123039,885.0033019,2748.965971
,1,430.4467387,-777.652639,1146.745354,-2492.052764,888.8352051,2743.237482
,1,432.0493825,-781.136223,1144.080694,-2487.01768,892.6592115,2737.549557
,1,433.6483168,-784.6127945,1141.435951,-2482.017512,896.4753761,2731.901711
,1,435.2435688,-788.0824022,1138.810597,-2477.052011,900.2837536,2726.293499
,1,436.8351653,-791.5450944,1136.204136,-2472.120948,904.0843977,2720.724502
,1,438.423132,-795.0009191,1133.616099,-2467.224116,907.8773618,2715.194339
,1,440.0074944,-798.449924,1131.046044,-2462.361328,911.6626987,2709.702652
,1,442.3773339,-803.6107479,1127.22378,-2455.130614,917.3265175,2701.53656
,1,443.9527925,-807.0429106,1124.696927,-2450.352233,921.0930146,2696.139693
,1,445.5247311,-810.4684187,1122.186723,-2445.607371,924.8520658,2690.780269
,1,447.0931725,-813.887319,1119.692845,-2440.895912,928.6037222,2685.458047
,1,448.6581394,-817.2996583,1117.214996,-2436.217747,932.3480345,2680.172803
,1,450.2196538,-820.705483,1114.752901,-2431.572777,936.0850531,2674.924336
,1,451.7777376,-824.1048396,1112.30631,-2426.960915,939.8148279,2669.712458
,1,453.3324122,-827.4977742,1109.874995,-2422.382075,943.537409,2664.537
,1,454.8836988,-830.884333,1107.45875,-2417.836181,947.2528461,2659.397804
,1,456.4316184,-834.2645621,1105.057391,-2413.323157,950.9611884,2654.294727
,1,457.9761915,-837.6385075,1102.670754,-2408.842932,954.6624854,2649.227635
,1,459.5174386,-841.0062148,1100.298693,-2404.395436,958.3567862,2644.196405
,1,461.05538,-844.36773,1097.941081,-2399.980598,962.0441398,2639.200919
,1,462.5900358,-847.7230986,1095.597811,-2395.598347,965.7245949,2634.241068
,1,464.121426,-851.0723663,1093.26879,-2391.248609,969.3982003,2629.316747
,1,465.6495705,-854.4155783,1090.953941,-2386.931306,973.0650045,2624.427854
,1,467.174489,-857.7527801,1088.653203,-2382.646356,976.725056,2619.574289
,1,468.6962013,-861.0840169,1086.366527,-2378.393673,980.3784031,2614.755953
,1,470.2147269,-864.4093337,1084.093878,-2374.173164,984.025094,2609.972748
,1,472.4865833,-869.3863072,1080.711155,-2367.902503,989.4827551,2602.863589
,1,473.9972282,-872.6970203,1078.473491,-2363.76197,993.1130155,2598.167763
,1,475.504755,-876.0019701,1076.249815,-2359.653225,996.7367876,2593.506701
,1,477.0091833,-879.301201,1074.040136,-2355.576137,1000.354119,2588.880289
,1,478.5105329,-882.5947569,1071.84447,-2351.530565,1003.965057,2584.288406
,1,480.0088232,-885.8826821,1069.662838,-2347.51636,1007.569649,2579.730925
,1,481.504074,-889.1650201,1067.495269,-2343.533361,1011.167942,2575.207712
,1,483.7412942,-894.0781464,1064.270351,-2337.616994,1016.553674,2568.48683
,1,485.2290326,-897.3467065,1062.138083,-2333.711235,1020.136425,2564.048641
,1,486.7138007,-900.6098306,1060.019999,-2329.836032,1023.713041,2559.644181
,1,488.1956184,-903.8675613,1057.91614,-2325.991176,1027.283569,2555.273275
,1,489.6745056,-907.1199409,1055.826544,-2322.176444,1030.848053,2550.935736
,1,491.1504825,-910.3670112,1053.751251,-2318.391603,1034.406541,2546.631368
,1,492.623569,-913.6088139,1051.690299,-2314.63641,1037.959077,2542.359966
,1,494.0937852,-916.8453902,1049.643723,-2310.91061,1041.505707,2538.121311
,1,495.5611514,-920.076781,1047.611556,-2307.213937,1045.046476,2533.915177
,1,497.0256877,-923.3030268,1045.59383,-2303.546115,1048.581429,2529.741323
,1,498.4874144,-926.5241677,1043.59057,-2299.90686,1052.11061,2525.599501
,1,499.9463517,-929.7402433,1041.601798,-2296.295875,1055.634063,2521.489451
,1,501.40252,-932.9512929,1039.627532,-2292.712857,1059.151831,2517.410902
,1,502.8559395,-936.1573554,1037.667783,-2289.157493,1062.663959,2513.363574
,1,504.3066306,-939.3584691,1035.722559,-2285.629461,1066.170489,2509.347177
,1,505.7546137,-942.5546719,1033.79186,-2282.128432,1069.671463,2505.361409
,1,507.9215552,-947.33985,1030.923031,-2276.926782,1074.9126,2499.439511
,1,509.362857,-950.5239385,1029.028605,-2273.491775,1078.399869,2495.528946
,1,510.8015219,-953.7032451,1027.148656,-2270.082566,1081.881728,2491.647892
,1,512.2375699,-956.8778055,1025.283153,-2266.698797,1085.358219,2487.796009
,1,513.6710214,-960.047655,1023.432061,-2263.340106,1088.82938,2483.972951
,1,515.1018965,-963.2128283,1021.595337,-2260.006128,1092.295251,2480.178366
,1,516.5302152,-966.3733597,1019.772929,-2256.696491,1095.755873,2476.411896
,1,517.9559975,-969.5292827,1017.964779,-2253.410824,1099.211283,2472.673175
,1,519.3792633,-972.6806307,1016.170821,-2250.148751,1102.66152,2468.961834
,1,520.8000324,-975.8274361,1014.390985,-2246.909894,1106.106622,2465.277498
,1,522.2183245,-978.9697311,1012.625188,-2243.693876,1109.546625,2461.619788
,1,523.6341591,-982.1075474,1010.873346,-2240.500317,1112.981566,2457.988322
,1,525.0475557,-985.2409159,1009.135364,-2237.328838,1116.411482,2454.382715
,1,526.4585335,-988.3698671,1007.411142,-2234.179061,1119.836408,2450.80258
,1,527.8671118,-991.494431,1005.700572,-2231.050606,1123.25638,2447.247525
,1,529.2733096,-994.6146372,1004.003542,-2227.943098,1126.671431,2443.717161
,1,530.6771456,-997.7305145,1002.319931,-2224.856162,1130.081595,2440.211095