"G: 16000, DT: 0.0007",,x,y,vx,vy,v_mag,p_mag,,,Time
1,1,-910.4742146,-273.208673,2067.337876,0.75246449,2067.338013,950.5820714,,,0.0007
2,1,-907.5748213,-273.2060281,2072.216171,2.26949851,2072.217414,947.804616,,,0.0014
3,1,-904.6685748,-273.2012424,2077.116926,3.802639153,2077.120406,945.0207136,,,0.0021
4,1,-901.7554438,-273.1942934,2082.040047,5.351833889,2082.046926,942.230334,,,0.0028
5,1,-898.835397,-273.1851588,2086.985459,6.917016512,2086.996921,939.4334473,,,0.0035
6,1,-895.9084033,-273.1738163,2091.953098,8.498107777,2091.970359,936.6300235,,,0.0042
7,1,-892.9744316,-273.1602435,2096.94292,10.09501612,2096.96722,933.820033,,,0.0049
8,1,-890.0334508,-273.1444186,2101.954902,11.70763846,2101.987506,931.0034463,,,0.0056
9,1,-887.0854301,-273.1263197,2106.989038,13.33586101,2107.031241,928.180234,,,0.0063
10,1,-884.1303382,-273.1059249,2112.045347,14.97956028,2112.098467,925.3503667,,,0.007
11,1,-881.1681442,-273.0832129,2117.123872,16.63860396,2117.189253,922.5138154,,,0.0077
12,1,-878.1988169,-273.0581622,2122.22468,18.31285206,2122.30369,919.6705508,,,0.0084
13,1,-875.222325,-273.0307517,2127.347866,20.00215795,2127.441898,916.8205438,,,0.0091
14,1,-872.238637,-273.0009606,2132.493553,21.70636951,2132.604023,913.9637653,,,0.0098
15,1,-869.2477212,-272.968768,2137.661891,23.42533033,2137.790239,911.1001862,,,0.0105
16,1,-866.2495459,-272.9341536,2142.853063,25.15888093,2143.000751,908.2297771,,,0.0112
17,1,-863.2440787,-272.8970971,2148.067282,26.90686002,2148.235794,905.3525087,,,0.0119
18,1,-860.2312872,-272.8575783,2153.304796,28.6691058,2153.495638,902.4683515,,,0.0126
19,1,-857.2111384,-272.8155777,2158.565884,30.44545727,2158.780582,899.5772758,,,0.0133
20,1,-854.183599,-272.7710754,2163.85086,32.23575557,2164.090961,896.6792517,,,0.014
21,1,-851.1486353,-272.7240523,2169.160075,34.03984534,2169.427146,893.7742489,,,0.0147
22,1,-848.1062128,-272.6744891,2174.493914,35.85757607,2174.789541,890.8622369,,,0.0154
23,1,-845.0562967,-272.6223668,2179.8528,37.6888035,2180.178588,887.9431848,,,0.0161
24,1,-841.9988514,-272.5676669,2185.237194,39.533391,2185.594767,885.0170613,,,0.0168
25,1,-838.9338407,-272.5103705,2190.647593,41.39121095,2191.038592,882.0838346,,,0.0175
26,1,-835.8612277,-272.4504595,2196.084534,43.26214612,2196.510618,879.1434722,,,0.0182
27,1,-832.7809745,-272.3879155,2201.548592,45.14609107,2202.011438,876.1959415,,,0.0189
28,1,-829.6930425,-272.3227204,2207.040382,47.04295351,2207.541684,873.2412088,,,0.0196
29,1,-826.5973923,-272.2548562,2212.560556,48.95265569,2213.102026,870.2792401,,,0.0203
30,1,-823.4939834,-272.184305,2218.10981,50.87513577,2218.693176,867.3100003,,,0.021
31,1,-820.3827743,-272.1110489,2223.688875,52.81034916,2224.315883,864.3334537,,,0.0217
32,1,-817.2637224,-272.0350702,2229.298524,54.75826985,2229.970937,861.349564,,,0.0224
33,1,-814.1367842,-271.9563511,2234.939571,56.71889182,2235.659168,858.3582936,,,0.0231
34,1,-811.0019147,-271.8748738,2240.612866,58.69223028,2241.381447,855.3596043,,,0.0238
35,1,-807.8590678,-271.7906204,2246.319302,60.67832304,2247.138684,852.3534565,,,0.0245
36,1,-804.7081963,-271.703573,2252.05981,62.6772318,2252.931829,849.33981,,,0.0252
37,1,-799.9667357,-271.5677237,2260.736591,65.69982222,2261.691049,844.8051887,,,0.0259
38,1,-796.7955862,-271.4736122,2266.566609,67.7312094,2267.57838,841.7726108,,,0.0266
39,1,-793.6162353,-271.3766428,2272.434264,69.77583535,2273.505257,838.7323835,,,0.0273
40,1,-790.428629,-271.2767969,2278.340662,71.83388521,2279.472807,835.6844609,,,0.028
41,1,-787.2327121,-271.1740553,2284.286944,73.90557507,2285.482198,832.6287956,,,0.0287
42,1,-784.0284273,-271.0683989,2290.274288,75.99115321,2291.534632,829.565339,,,0.0294
43,1,-780.8157159,-270.9598078,2296.303911,78.09090133,2297.631355,826.4940409,,,0.0301
44,1,-777.5945175,-270.8482619,2302.377063,80.20513584,2303.773644,823.4148496,,,0.0308
45,1,-774.3647697,-270.7337405,2308.495029,82.3342091,2309.962818,820.3277118,,,0.0315
46,1,-771.1264085,-270.6162224,2314.659129,84.47851061,2316.200229,817.2325726,,,0.0322
47,1,-767.8793677,-270.4956859,2320.870715,86.63846834,2322.487266,814.1293752,,,0.0329
48,1,-764.6235796,-270.3721086,2327.131173,88.81454989,2328.825352,811.0180612,,,0.0336
49,1,-761.3589741,-270.2454674,2333.441917,91.00726375,2335.215943,807.8985705,,,0.0343
50,1,-758.0854794,-270.1157384,2339.804393,93.21716052,2341.66053,804.7708408,,,0.035
51,1,-754.8030215,-269.9828969,2346.220077,95.44483415,2348.160635,801.6348083,,,0.0357
52,1,-751.5115244,-269.8469173,2352.69047,97.69092312,2354.71781,798.490407,,,0.0364
53,1,-748.2109098,-269.7077733,2359.2171,99.95611165,2361.333638,795.3375689,,,0.0371
54,1,-744.9010973,-269.5654372,2365.80152,102.2411309,2368.009729,792.1762239,,,0.0378
55,1,-739.9189515,-269.3458853,2375.789956,105.7075602,2378.140451,787.4180978,,,0.0385
56,1,-736.5857784,-269.1954416,2382.525788,108.0456732,2384.974423,784.2351655,,,0.0392
57,1,-733.2431087,-269.0417008,2389.325012,110.4065619,2391.874499,781.0434644,,,0.0399
58,1,-729.890852,-268.8846299,2396.189269,112.7911825,2398.8424,777.8429148,,,0.0406
59,1,-726.5289154,-268.7241946,2403.120214,115.2005441,2405.879865,774.6334344,,,0.0413
60,1,-723.1572039,-268.5603592,2410.119514,117.6357098,2412.988651,771.414939,,,0.042
61,1,-719.77562,-268.3930865,2417.188845,120.0977973,2420.17053,768.1873418,,,0.0427
62,1,-716.3840639,-268.2223374,2424.329891,122.5879799,2427.427287,764.9505535,,,0.0434
63,1,-712.9824334,-268.0480713,2431.544338,125.1074871,2434.760717,761.7044826,,,0.0441
64,1,-709.5706239,-267.870246,2438.833873,127.6576053,2442.172623,758.4490352,,,0.0448
65,1,-706.1485287,-267.688817,2446.200182,130.2396783,2449.664814,755.1841148,,,0.0455
66,1,-702.7160384,-267.5037382,2453.644945,132.8551074,2457.2391,751.9096226,,,0.0462
67,1,-699.2730414,-267.3149614,2461.169834,135.5053524,2464.89729,748.6254571,,,0.0469
68,1,-695.8194238,-267.1224363,2468.776507,138.1919305,2472.64119,745.3315145,,,0.0476
69,1,-692.3550695,-266.9261102,2476.466609,140.9164174,2480.472596,742.0276886,,,0.0483
70,1,-688.8798598,-266.7259286,2484.241761,143.6804462,2488.393297,738.7138704,,,0.049
71,1,-685.3936741,-266.5218341,2492.103565,146.485707,2496.405063,735.3899487,,,0.0497
72,1,-681.8963894,-266.3137673,2500.05359,149.3339466,2504.509649,732.0558097,,,0.0504
73,1,-678.3878805,-266.1016661,2508.093378,152.2269672,2512.708786,728.7113373,,,0.0511
74,1,-674.8680202,-265.8854659,2516.224431,155.1666251,2521.004179,725.3564129,,,0.0518
75,1,-671.3366792,-265.6650993,2524.448214,158.1548295,2529.397504,721.9909154,,,0.0525
76,1,-667.7937262,-265.4404964,2532.766143,161.1935403,2537.890402,718.6147215,,,0.0532
77,1,-664.2390279,-265.2115843,2541.179587,164.2847665,2546.484475,715.2277055,,,0.0539
78,1,-660.6724492,-264.9782874,2549.689863,167.4305633,2555.181283,711.8297395,,,0.0546
79,1,-655.3000056,-264.6199478,2562.639568,172.2561808,2568.422424,706.7119739,,,0.0553
80,1,-651.7031234,-264.3753384,2571.397286,175.5476744,2577.382585,703.2860588,,,0.056
81,1,-648.0938744,-264.1260559,2580.255954,178.9012544,2586.45055,699.848729,,,0.0567
82,1,-644.4721164,-263.8720111,2589.216597,182.3191456,2595.627642,696.3998471,,,0.0574
83,1,-640.8377055,-263.6131116,2598.280161,185.8035999,2604.915118,692.9392739,,,0.0581
84,1,-637.1904966,-263.3492617,2607.447514,189.3568912,2614.314168,689.4668684,,,0.0588
85,1,-633.5303438,-263.0803627,2616.719442,192.9813107,2623.825914,685.9824879,,,0.0595
86,1,-629.8570997,-262.8063127,2626.096649,196.6791617,2633.451405,682.4859882,,,0.0602
87,1,-626.1706165,-262.5270063,2635.57975,200.4527534,2643.191617,678.9772234,,,0.0609
88,1,-622.4707451,-262.2423352,2645.169274,204.3043954,2653.04745,675.4560466,,,0.0616
89,1,-618.7573363,-261.9521875,2654.865658,208.2363916,2663.019725,671.9223093,,,0.0623
90,1,-615.03024,-261.6564485,2664.669254,212.2510333,2673.109188,668.3758622,,,0.063
91,1,-611.2893058,-261.3550001,2674.580321,216.3505934,2683.316507,664.8165548,,,0.0637
92,1,-607.5343832,-261.0477209,2684.599034,220.5373189,2693.64227,661.2442358,,,0.0644
93,1,-603.7653212,-260.7344867,2694.725477,224.8134248,2704.086995,657.6587532,,,0.0651
94,1,-599.9819691,-260.4151699,2704.959655,229.181087,2714.65112,654.0599544,,,0.0658
95,1,-596.184176,-260.0896403,2715.301489,233.6424356,2725.335019,650.4476864,,,0.0665
96,1,-592.3717915,-259.7577644,2725.750827,238.1995482,2736.138995,646.8217958,,,0.0672
97,1,-588.5446653,-259.419406,2736.307445,242.8544437,2747.063289,643.1821292,,,0.0679
98,1,-582.7760074,-258.8994092,2752.342876,250.0243848,2763.675722,637.696463,,,0.0686
99,1,-578.9113721,-258.544231,2763.166309,254.9321292,2774.90152,634.0216843,,,0.0693
100,1,-575.0314726,-258.1820725,2774.095782,259.944173,2786.248083,630.3325924,,,0.07
101,1,-571.1361609,-257.8127861,2785.130842,265.0621991,2797.715456,626.6290346,,,0.0707
102,1,-567.2252897,-257.4362216,2796.271013,270.2878028,2809.303664,622.9108584,,,0.0714
103,1,-563.2987124,-257.0522269,2807.515807,275.6224878,2821.012719,619.177912,,,0.0721
104,1,-559.356283,-256.6606477,2818.864733,281.0676642,2832.842638,615.4300443,,,0.0728
105,1,-555.3978562,-256.261328,2830.317312,286.6246459,2844.79345,611.6671046,,,0.0735
106,1,-551.4232874,-255.8541099,2841.87309,292.2946498,2856.865209,607.8889433,,,0.0742
107,1,-547.4324326,-255.4388341,2853.531657,298.0787953,2869.058013,604.0954115,,,0.0749
108,1,-543.4251481,-255.0153396,2865.292653,303.9781054,2881.372012,600.2863609,,,0.0756
109,1,-539.4012911,-254.5834643,2877.155793,309.9935081,2893.807428,596.4616443,,,0.0763
110,1,-535.3607185,-254.1430447,2889.120879,316.1258388,2906.364567,592.6211151,,,0.077
111,1,-531.3032879,-253.6939163,2901.187817,322.3758446,2919.043839,588.7646278,,,0.0777
112,1,-527.2288566,-253.2359138,2913.356636,328.7441883,2931.845772,584.8920373,,,0.0784
113,1,-523.1372819,-252.7688707,2925.627504,335.2314547,2944.771031,581.0031994,,,0.0791
114,1,-519.0284204,-252.2926201,2938.000747,341.8381569,2957.820434,577.0979703,,,0.0798
115,1,-514.9021285,-251.8069943,2950.476867,348.5647444,2970.994972,573.176207,,,0.0805
116,1,-510.7582613,-251.311825,2963.056559,355.4116114,2984.295827,569.2377665,,,0.0812
117,1,-506.5966729,-250.8069434,2975.740732,362.3791068,2997.72439,565.2825063,,,0.0819
118,1,-502.4172159,-250.2921804,2988.530527,369.4675449,3011.282281,561.3102835,,,0.0826
119,1,-498.219741,-249.7673663,3001.427334,376.6772166,3024.971366,557.3209556,,,0.0833
120,1,-494.0040965,-249.2323311,3014.432814,384.008402,3038.793781,553.3143792,,,0.084
121,1,-487.646224,-248.4102408,3034.149143,395.2336402,3059.782778,547.2718589,,,0.0847
122,1,-483.3844747,-247.8489064,3047.435509,402.8698855,3073.949793,543.2215301,,,0.0854
123,1,-479.1040019,-247.2767525,3060.838759,410.6287375,3088.260006,539.1534447,,,0.0861
124,1,-474.8046389,-246.6936071,3074.362002,418.5106025,3102.71701,535.0674545,,,0.0868
125,1,-470.486214,-246.0992975,3088.008729,426.5159583,3117.324778,530.963409,,,0.0875
126,1,-466.1485503,-245.4936501,3101.782824,434.6453717,3132.087688,526.8411555,,,0.0882
127,1,-461.791465,-244.8764907,3115.688592,442.8995163,3147.010547,522.7005384,,,0.0889
128,1,-457.4147688,-244.2476437,3129.73078,451.2791918,3162.098617,518.5413987,,,0.0896
129,1,-453.0182654,-243.6069325,3143.914595,459.7853434,3177.357635,514.3635741,,,0.0903
130,1,-448.6017504,-242.9541788,3158.245733,468.4190824,3192.793847,510.1668976,,,0.091
131,1,-444.1650112,-242.2892027,3172.730403,477.1817076,3208.41403,505.9511981,,,0.0917
132,1,-439.7078258,-241.6118221,3187.375349,486.0747278,3224.225528,501.7162989,,,0.0924
133,1,-435.2299621,-240.9218527,3202.187886,495.0998853,3240.23628,497.4620177,,,0.0931
134,1,-430.7311773,-240.2191074,3217.17592,504.2591808,3256.454855,493.1881656,,,0.0938
135,1,-426.2112169,-239.5033961,3232.347989,513.5548996,3272.89049,488.8945471,,,0.0945
136,1,-421.6698135,-238.7745251,3247.713293,522.9896394,3289.55313,484.5809586,,,0.0952
137,1,-417.1066862,-238.0322966,3263.281731,532.5663401,3306.453472,480.2471883,,,0.0959
138,1,-412.5215397,-237.2765085,3279.063945,542.2883154,3323.603011,475.8930155,,,0.0966
139,1,-407.9140626,-236.5069536,3295.071362,552.1592877,3341.014091,471.5182091,,,0.0973
140,1,-403.2839269,-235.7234188,3311.316241,562.1834243,3358.699964,467.1225277,,,0.098
141,1,-396.2954759,-234.521423,3336.157817,577.5171348,3385.775395,460.4893073,,,0.0987
142,1,-391.6071364,-233.7019638,3353.055956,587.9457118,3404.212744,456.0403021,,,0.0994
143,1,-386.8948388,-232.8677246,3370.241849,598.5461635,3422.97935,451.569478,,,0.1001
144,1,-382.1581627,-232.0184579,3387.732245,609.3252194,3442.093402,447.0765328,,,0.1008
145,1,-377.3966631,-231.1539059,3405.545094,620.2903305,3461.574423,442.5611478,,,0.1015
146,1,-372.6098685,-230.2737994,3423.699636,631.449739,3481.443374,438.0229866,,,0.1022
147,1,-367.7972789,-229.3778571,3442.216497,642.812555,3501.722775,433.4616935,,,0.1029
148,1,-362.9583641,-228.4657835,3461.11781,654.388843,3522.436834,428.8768918,,,0.1036
149,1,-358.092561,-227.5372684,3480.427328,666.1897193,3543.611593,424.2681826,,,0.1043
150,1,-353.1992714,-226.5919845,3500.170565,678.2274613,3565.275091,419.6351424,,,0.105
151,1,-348.2778596,-225.629586,3520.374951,690.5156323,3587.457545,414.9773218,,,0.1057
152,1,-343.3276492,-224.6497068,3541.069996,703.0692219,3610.191553,410.2942425,,,0.1064
153,1,-338.34792,-223.6519579,3562.287483,715.9048069,3633.512324,405.5853958,,,0.1071
154,1,-333.3379049,-222.6359256,3584.061677,729.0407346,3657.457928,400.8502391,,,0.1078
155,1,-328.2967859,-221.6011682,3606.429562,742.4973329,3682.069591,396.0881939,,,0.1085
156,1,-320.6748622,-220.0128797,3641.182874,763.3334911,3720.334762,388.8933459,,,0.1092
157,1,-315.5520335,-218.9291669,3665.217101,777.695978,3746.815639,384.0612789,,,0.1099
158,1,-310.3947753,-217.8249174,3689.999986,792.4697161,3774.136743,379.199962,,,0.1106
159,1,-305.2019842,-216.6995215,3715.584518,807.6875281,3802.358143,374.3086077,,,0.1113
160,1,-299.9724777,-215.5523193,3742.028319,823.3861084,3831.545462,369.3863692,,,0.112
161,1,-294.7049875,-214.3825948,3769.394154,839.6065708,3861.770512,364.4323348,,,0.1127
162,1,-289.3981514,-213.1895696,3797.750496,856.3950914,3893.112043,359.445521,,,0.1134
163,1,-284.0505046,-211.9723941,3827.172167,873.8036647,3925.656587,354.4248651,,,0.1141
164,1,-278.6604704,-210.7301395,3857.741071,891.8909974,3959.499428,349.3692165,,,0.1148
165,1,-273.226349,-209.4617862,3889.547019,910.7235692,3994.745728,344.2773267,,,0.1155
166,1,-267.7463059,-208.1662126,3922.688661,930.3768955,4031.511813,339.1478386,,,0.1162
167,1,-262.218358,-206.8421803,3957.274554,950.9370377,4069.926675,333.979273,,,0.1169
168,1,-256.6403588,-205.4883174,3993.424362,972.502417,4110.133707,328.7700144,,,0.1176
169,1,-251.0099811,-204.1030995,4031.270227,995.1860029,4152.292719,323.5182929,,,0.1183
170,1,-245.3246983,-202.684826,4070.958312,1019.117965,4196.582301,318.2221649,,,0.119
171,1,-239.5817627,-201.231593,4112.65055,1044.448902,4243.202571,312.8794896,,,0.1197
172,1,-233.7781815,-199.7412605,4156.526608,1071.353793,4292.378408,307.4879011,,,0.1204
173,1,-227.9106897,-198.2114134,4202.786087,1100.036857,4344.363242,302.0447763,,,0.1211
174,1,-221.9757194,-196.6393142,4251.650955,1130.737556,4399.443518,296.5471967,,,0.1218
175,1,-215.9693661,-195.021846,4303.368204,1163.738064,4457.943941,290.9919028,,,0.1225
176,1,-209.8873504,-193.3554432,4358.212698,1199.372577,4520.233677,285.3752394,,,0.1232
177,1,-203.724976,-191.6360065,4416.490101,1238.039023,4586.733634,279.6930904,,,0.1239
178,1,-194.3193171,-188.9468445,4511.094999,1302.791703,4695.449319,271.0367264,,,0.1246
179,1,-187.9323381,-187.0723761,4579.518675,1351.341308,4774.737126,265.1690736,,,0.1253
180,1,-181.4445849,-185.1245747,4652.723812,1405.069487,4860.25299,259.2165996,,,0.126
181,1,-174.8488748,-183.095224,4731.178561,1464.91212,4952.778826,253.1718587,,,0.1267
182,1,-168.1373373,-180.9745777,4815.381267,1532.018947,5053.2147,247.0262374,,,0.1274
183,1,-161.301385,-178.7510012,4905.847159,1607.809973,5162.595206,240.7697183,,,0.1281
184,1,-154.331715,-176.4105203,5003.082837,1694.047235,5282.105064,234.3905926,,,0.1288
185,1,-147.2183672,-173.9362483,5107.540748,1792.925057,5413.090869,227.8751108,,,0.1295
186,1,-139.9508778,-171.3076671,5219.54133,1907.181055,5557.063188,221.2070636,,,0.1302
187,1,-132.5185945,-168.4997299,5339.14373,2040.227039,5715.678625,214.3672943,,,0.1309
188,1,-124.9112536,-165.4817687,5465.936475,2196.291149,5890.683862,207.3331547,,,0.1316
189,1,-117.1199724,-162.2162147,5598.707664,2380.545197,6083.791822,200.0779554,,,0.1323
190,1,-109.1388784,-158.6572115,5734.944126,2599.156576,6296.443364,192.570521,,,0.133
191,1,-100.9676652,-154.7493508,5870.113127,2859.141211,6529.388685,184.7750822,,,0.1337
192,1,-92.61538281,-150.4270307,5996.73012,3167.795958,6782.013223,176.6519196,,,0.1344
193,1,-84.10561606,-145.6153673,6103.372283,3531.376783,7051.366904,168.159418,,,0.1351
194,1,-75.48264208,-140.2340933,6174.135309,3952.671567,7330.999887,159.2583755,,,0.1358
195,1,-66.81694819,-134.2060527,6189.526941,4427.461785,7610.036899,149.9192088,,,0.1365
196,1,-58.20677798,-127.4708823,6130.043898,4940.913202,7873.376751,140.1315626,,,0.1372
197,1,-49.77146753,-120.0014014,5982.734363,5466.465662,8104.033396,129.9135687,,,0.1379
198,1,-41.63463537,-111.8160831,5748.333923,5970.109963,8287.674937,119.3158804,,,0.1386
199,1,-33.9014521,-102.9798199,5444.104121,6419.879829,8417.429934,108.4165659,,,0.1393
200,1,-23.19431815,-88.72314101,4921.867277,6953.546644,8519.189423,91.70480983,,,0.14
201,1,-16.66960612,-78.70886296,4574.97738,7213.654354,8542.085645,80.4547132,,,0.1407
202,1,-10.60180695,-68.3982839,4257.006525,7410.437365,8546.15039,69.21505293,,,0.1414
203,1,-4.934250888,-57.86281109,3982.750231,7560.448326,8545.330789,58.07281411,,,0.1421
204,1,0.403916368,-47.15056293,3761.032558,7680.095592,8551.56326,47.15229297,,,0.1428
205,1,5.492634426,-36.28892665,3597.827444,7783.548343,8574.846187,36.70225103,,,0.1435
206,1,10.42009685,-25.28863752,3499.236568,7881.896255,8623.743105,27.35129989,,,0.1442
207,1,15.28568529,-14.1487725,3474.081711,7982.466835,8705.688974,20.82882469,,,0.1449
208,1,20.20607673,-2.863628848,3536.043592,8087.156554,8826.420872,20.40798635,,,0.1456
209,1,25.32314571,8.565755479,3704.523869,8188.44913,8987.446592,26.7326369,,,0.1463
210,1,30.80884617,20.11108382,4001.065231,8262.165111,9179.972511,36.79185637,,,0.147
211,1,36.8539045,31.68536746,4434.438675,8260.12717,9375.177184,48.60218913,,,0.1477
212,1,43.6195202,43.11547643,4970.794372,8118.367929,9519.280147,61.33193989,,,0.1484
213,1,51.1549528,54.16310161,5515.287728,7801.18742,9553.895744,74.50148168,,,0.1491
214,1,59.35229024,64.61825423,5956.468875,7349.299366,9460.006482,87.73946169,,,0.1498
215,1,68.00507333,74.38851681,6242.252215,6855.608312,9271.735438,100.7885977,,,0.1505
216,1,76.90983919,83.49888039,6390.258924,6396.165413,9041.36832,113.5217441,,,0.1512
217,1,85.91929247,92.03464409,6444.314839,6003.180201,8807.233747,125.9067136,,,0.1519
218,1,94.94328609,100.0930287,6442.797104,5679.016115,8588.414205,137.9595664,,,0.1526
219,1,108.4040685,111.4712976,6388.968944,5300.482079,8301.447731,155.4904893,,,0.1533
220,1,117.2957258,118.6818332,6338.050515,5103.46881,8137.338522,166.8642107,,,0.154
221,1,126.1114787,125.6521477,6283.110982,4939.677869,7992.365173,178.0240638,,,0.1547
222,1,134.8494545,132.4210437,6227.552926,4801.926812,7863.899577,188.9965825,,,0.1554
223,1,143.5107779,139.0191003,6173.174578,4684.744476,7749.510641,199.8040381,,,0.1561
224,1,152.0981068,145.4706552,6120.879836,4583.979555,7647.093469,210.4650698,,,0.1568
225,1,160.6148162,151.7952961,6071.074483,4496.467653,7554.877016,220.9953192,,,0.1575
226,1,169.0645449,158.0089679,6023.888226,4419.77577,7471.388574,231.4079824,,,0.1582
227,1,177.4509471,164.1247932,5979.30008,4352.013741,7395.407565,241.7142659,,,0.1589
228,1,185.7775594,170.1536843,5937.209685,4291.696948,7325.921207,251.923754,,,0.1596
229,1,194.0477349,176.1048034,5897.478018,4237.646522,7262.086134,262.0447008,,,0.1603
230,1,202.2646144,181.9859126,5859.950587,4188.916457,7203.196649,272.0842638,,,0.161
231,1,210.4311187,187.8036413,5824.470475,4144.739969,7148.659016,282.0486898,,,0.1617
232,1,218.5499538,193.5636952,5790.885478,4104.489659,7097.970835,291.9434644,,,0.1624
233,1,226.6236209,199.2710185,5759.051787,4067.647626,7050.704554,301.7734321,,,0.1631
234,1,234.6544304,204.9299234,5728.835655,4033.782824,7006.494261,311.5428947,,,0.1638
235,1,242.6445169,210.5441932,5700.113888,4002.533736,6965.0251,321.2556907,,,0.1645
236,1,250.5958529,216.1171646,5672.773698,3973.594988,6926.02473,330.9152615,,,0.1652
237,1,258.5102638,221.6517959,5646.712183,3946.706908,6889.256411,340.5247056,,,0.1659
238,1,266.3894407,227.1507219,5621.835651,3921.647321,6854.513389,350.0868243,,,0.1666
239,1,278.1455431,235.3372518,5586.558368,3887.075283,6805.805511,364.3467651,,,0.1673
240,1,285.9432577,240.7567079,5564.288034,3865.805637,6775.378554,373.8012026,,,0.168
241,1,293.7107642,246.1477238,5542.936481,3845.799082,6746.429828,383.216277,,,0.1687
242,1,301.449284,251.5119429,5522.442368,3826.937948,6718.840954,392.5938464,,,0.1694
243,1,309.1599582,256.8508588,5502.749739,3809.118756,6692.506285,401.9356211,,,0.1701
244,1,316.843855,262.1658336,5483.807486,3792.250145,6667.331228,411.2431796,,,0.1708
245,1,324.5019753,267.458112,5465.568869,3776.251149,6643.230826,420.5179826,,,0.1715
246,1,332.135259,272.7288353,5447.99108,3761.049757,6620.128555,429.7613848,,,0.1722
247,1,339.7445897,277.979052,5431.034852,3746.581712,6597.955296,438.9746457,,,0.1729
248,1,347.3307995,283.2097278,5414.664119,3732.789495,6576.648458,448.1589385,,,0.1736
249,1,354.8946729,288.4217541,5398.845702,3719.621467,6556.151217,457.3153585,,,0.1743
250,1,362.436951,293.6159557,5383.549037,3707.031139,6536.411867,466.4449302,,,0.175
251,1,369.9583344,298.7930968,5368.745923,3694.976545,6517.383253,475.5486136,,,0.1757
252,1,377.4594865,303.9538873,5354.410311,3683.419714,6499.022278,484.62731,,,0.1764
253,1,384.9410363,309.0989876,5340.518097,3672.326202,6481.289476,493.6818668,,,0.1771
254,1,392.403581,314.2290132,5327.046952,3661.664699,6464.148637,502.7130823,,,0.1778
255,1,399.8476883,319.3445387,5313.976164,3651.406685,6447.566475,511.7217098,,,0.1785
256,1,407.2738982,324.4461016,5301.286492,3641.526125,6431.512341,520.7084606,,,0.1792
257,1,414.6827255,329.5342049,5288.960042,3631.999213,6415.957965,529.6740083,,,0.1799
258,1,425.7644417,337.1421482,5271.115266,3618.32472,6393.506857,543.0839603,,,0.1806
259,1,433.1319121,342.198606,5259.626404,3609.590388,6379.091838,551.9992203,,,0.1813
260,1,440.4836244,347.2431364,5248.447166,3601.140842,6365.093324,560.8953727,,,0.182
261,1,447.8199981,352.2761207,5237.564441,3592.959828,6351.49129,569.7729512,,,0.1827
262,1,455.1414356,357.297919,5226.965953,3585.03235,6338.267115,578.6324648,,,0.1834
263,1,462.4483225,362.3088717,5216.640194,3577.344555,6325.403464,587.474399,,,0.1841
264,1,469.7410293,367.3093008,5206.576366,3569.883632,6312.884175,596.2992177,,,0.1848
265,1,477.0199119,372.2995114,5196.764324,3562.637716,6300.694163,605.1073645,,,0.1855
266,1,484.2853129,377.2797928,5187.194525,3555.595809,6288.819332,613.899264,,,0.1862
267,1,491.5375618,382.2504199,5177.857984,3548.747702,6277.246495,622.6753233,,,0.1869
268,1,498.7769764,387.2116539,5168.74623,3542.083912,6265.963297,631.4359327,,,0.1876
269,1,506.0038628,392.1637437,5159.851271,3535.595619,6254.958154,640.1814673,,,0.1883
270,1,513.2185165,397.1069262,5151.165553,3529.27461,6244.220194,648.9122873,,,0.189
271,1,520.4212231,402.0414276,5142.681933,3523.113237,6233.739195,657.6287395,,,0.1897
272,1,527.6122583,406.9674638,5134.393648,3517.104362,6223.505542,666.3311577,,,0.1904
273,1,534.7918888,411.8852412,5126.294284,3511.241328,6213.51018,675.0198636,,,0.1911
274,1,541.9603727,416.7949575,5118.377757,3505.51791,6203.744569,683.6951676,,,0.1918
275,1,549.1179599,421.696802,5110.638284,3499.928292,6194.200652,692.3573692,,,0.1925
276,1,559.8344368,429.0352044,5099.349092,3491.782925,6180.283906,705.3267351,,,0.1932
277,1,566.9658251,433.918148,5092.028761,3486.504737,6171.261798,713.9574259,,,0.1939
278,1,574.0871321,438.7938246,5084.867343,3481.34275,6162.436469,722.5759861,,,0.1946
279,1,581.1985756,443.6623922,5077.860179,3476.292621,6153.801621,731.1826738,,,0.1953
280,1,588.3003667,448.5240031,5071.002817,3471.350271,6145.351274,739.7777388,,,0.196
281,1,595.3927107,453.3788042,5064.290994,3466.511866,6137.079744,748.3614234,,,0.1967
282,1,602.475807,458.2269373,5057.720624,3461.773799,6128.981624,756.9339628,,,0.1974
283,1,609.5498495,463.0685391,5051.28779,3457.132674,6121.051761,765.4955852,,,0.1981
284,1,616.6150268,467.903742,5044.988729,3452.58529,6113.285243,774.0465122,,,0.1988
285,1,623.6715225,472.7326741,5038.819823,3448.128627,6105.677378,782.5869594,,,0.1995
286,1,630.719515,477.5554594,5032.777592,3443.759836,6098.223684,791.1171363,,,0.2002
287,1,637.7591781,482.372218,5026.85868,3439.476222,6090.919871,799.6372465,,,0.2009
288,1,644.7906811,487.1830665,5021.059855,3435.275236,6083.761831,808.1474882,,,0.2016
289,1,651.8141888,491.9881182,5015.377994,3431.154466,6076.745625,816.6480547,,,0.2023
290,1,658.8298619,496.7874827,5009.81008,3427.111622,6069.867471,825.1391336,,,0.203
291,1,665.8378567,501.581267,5004.353198,3423.144534,6063.123735,833.6209083,,,0.2037
292,1,672.8383257,506.3695749,4999.004523,3419.251138,6056.510923,842.0935571,,,0.2044
293,1,679.8314176,511.1525076,4993.761321,3415.429471,6050.025669,850.557254,,,0.2051
294,1,686.8172771,515.9301634,4988.62094,3411.677664,6043.664729,859.0121685,,,0.2058
295,1,697.2828139,523.0869623,4981.097551,3406.177062,6034.349591,871.6784342,,,0.2065
296,1,704.251203,527.8518405,4976.20313,3402.59228,6028.285977,880.1121079,,,0.2072
297,1,711.212839,532.6117673,4971.402847,3399.071457,6022.336178,888.5375608,,,0.2079
298,1,718.1678511,537.3668306,4966.694375,3395.61307,6016.497414,896.9549448,,,0.2086
299,1,725.1163656,542.1171163,4962.075451,3392.215654,6010.766991,905.3644081,,,0.2093
300,1,732.0585056,546.8627084,4957.543871,3388.877805,6005.142297,913.7660955,,,0.21
301,1,738.9943909,551.6036886,4953.097491,3385.598172,5999.620799,922.1601483,,,0.2107
302,1,745.9241388,556.3401373,4948.73422,3382.375453,5994.200037,930.5467045,,,0.2114
303,1,752.8478634,561.0721327,4944.452021,3379.208393,5988.87762,938.9258988,,,0.2121
304,1,759.7656761,565.7997515,4940.248908,3376.095779,5983.651225,947.2978631,,,0.2128
305,1,766.6776856,570.5230687,4936.122945,3373.036441,5978.518593,955.6627258,,,0.2135
306,1,773.583998,575.2421576,4932.072243,3370.029243,5973.477522,964.0206128,,,0.2142
307,1,780.4847167,579.9570902,4928.094958,3367.073087,5968.525872,972.3716468,,,0.2149
308,1,787.3799425,584.6679367,4924.189292,3364.166906,5963.661556,980.7159477,,,0.2156
309,1,794.2697739,589.374766,4920.353489,3361.309663,5958.882539,989.0536328,,,0.2163
310,1,801.1543068,594.0776456,4916.585838,3358.50035,5954.186838,997.3848166,,,0.217
311,1,811.471376,601.1247034,4911.058497,3354.374112,5947.295288,1009.869647,,,0.2177
312,1,818.3430676,605.8179948,4907.453994,3351.680388,5942.799519,1018.185061,,,0.2184
313,1,825.2097787,610.5075619,4903.911963,3349.031266,5938.3805,1026.494356,,,0.2191
314,1,832.071595,615.1934662,4900.430865,3346.425848,5934.036453,1034.797632,,,0.2198
315,1,838.9286003,619.875768,4897.009203,3343.863253,5929.765644,1043.094993,,,0.2205
316,1,845.7808763,624.5545262,4893.645512,3341.342623,5925.566379,1051.386535,,,0.2212
317,1,852.6285026,629.2297989,4890.338363,3338.863115,5921.437004,1059.672357,,,0.2219
318,1,859.471557,633.9016426,4887.086362,3336.423904,5917.375903,1067.95255,,,0.2226
319,1,866.3101151,638.5701129,4883.88815,3334.024184,5913.381496,1076.227209,,,0.2233
320,1,873.144251,643.2352643,4880.742399,3331.663162,5909.452241,1084.496422,,,0.224
321,1,879.9740366,647.8971502,4877.647815,3329.340063,5905.586632,1092.760277,,,0.2247
322,1,886.7995423,652.5558229,4874.603136,3327.054124,5901.783194,1101.01886,,,0.2254
323,1,893.6208367,657.2113335,4871.60713,3324.804598,5898.040492,1109.272255,,,0.2261
324,1,900.4379866,661.8637323,4868.658598,3322.59075,5894.357118,1117.520545,,,0.2268
325,1,907.2510573,666.5130685,4865.756369,3320.411861,5890.731701,1125.763808,,,0.2275
326,1,914.0601124,671.1593902,4862.899303,3318.267223,5887.162899,1134.002124,,,0.2282
327,1,920.8652139,675.8027448,4860.08629,3316.15614,5883.649402,1142.235568,,,0.2289
328,1,927.6664225,680.4431784,4857.316246,3314.077929,5880.189932,1150.464215,,,0.2296
329,1,934.4637971,685.0807364,4854.588117,3312.03192,5876.783238,1158.688139,,,0.2303
330,1,941.2573953,689.7154632,4851.900877,3310.017453,5873.428101,1166.90741,,,0.231
331,1,951.4408345,696.6623397,4847.944504,3307.053481,5868.489468,1179.227746,,,0.2317
332,1,958.2252347,701.2901766,4845.355169,3305.115061,5865.258074,1187.435688,,,0.2324
333,1,965.0060493,705.9153306,4842.80334,3303.205965,5862.074192,1195.639214,,,0.2331
334,1,971.7833298,710.5378421,4840.288106,3301.325584,5858.936726,1203.838388,,,0.2338
335,1,978.5571266,715.1577506,4837.808584,3299.473321,5855.844609,1212.033274,,,0.2345
336,1,985.3274887,719.7750949,4835.363914,3297.648587,5852.7968,1220.223933,,,0.2352
337,1,992.094464,724.3899129,4832.953259,3295.850806,5849.792282,1228.410425,,,0.2359
338,1,998.8580994,729.0022418,4830.575808,3294.079412,5846.830065,1236.592807,,,0.2366